{
    "Agent": {
        "total": 0.024031877517700195
    },
    "Env": {
        "apply_act": 0.026380300521850586,
        "observation_computation": 0.0054018497467041016,
        "powerflow_computation": 0.006192684173583984,
        "total": 0.03797483444213867
    },
    "total": 0.07910561561584473
}