{
    "Agent": {
        "total": 0.7647948265075684
    },
    "Env": {
        "apply_act": 1.3564252853393555,
        "observation_computation": 0.48322081565856934,
        "powerflow_computation": 0.42118334770202637,
        "total": 2.260829448699951
    },
    "total": 3.424872636795044
}