{
    "Agent": {
        "total": 0.6418070793151855
    },
    "Env": {
        "apply_act": 1.130314826965332,
        "observation_computation": 0.4217252731323242,
        "powerflow_computation": 0.35804009437561035,
        "total": 1.9100801944732666
    },
    "total": 2.9182066917419434
}