{
    "Agent": {
        "total": 0.8395586013793945
    },
    "Env": {
        "apply_act": 1.4602279663085938,
        "observation_computation": 0.5642986297607422,
        "powerflow_computation": 0.4702179431915283,
        "total": 2.4947445392608643
    },
    "total": 3.835405111312866
}