{
    "Agent": {
        "total": 1.4090194702148438
    },
    "Env": {
        "apply_act": 1.7024428844451904,
        "observation_computation": 0.6151683330535889,
        "powerflow_computation": 0.5006837844848633,
        "total": 2.8182950019836426
    },
    "total": 4.779011011123657
}