{
    "Agent": {
        "total": 1.8646836280822754
    },
    "Env": {
        "apply_act": 2.383657455444336,
        "observation_computation": 0.9236509799957275,
        "powerflow_computation": 0.7231695652008057,
        "total": 4.030478000640869
    },
    "total": 6.664343357086182
}