{
    "Agent": {
        "total": 0.05067610740661621
    },
    "Env": {
        "apply_act": 0.045404911041259766,
        "observation_computation": 0.015646696090698242,
        "powerflow_computation": 0.031919002532958984,
        "total": 0.09297060966491699
    },
    "total": 0.18791723251342773
}