{
    "Agent": {
        "total": 4.330162525177002
    },
    "Env": {
        "apply_act": 2.0930047035217285,
        "observation_computation": 0.7708077430725098,
        "powerflow_computation": 0.6901662349700928,
        "total": 3.553978681564331
    },
    "total": 8.539100646972656
}