{
    "Agent": {
        "total": 0.04032301902770996
    },
    "Env": {
        "apply_act": 0.09317398071289062,
        "observation_computation": 0.048096656799316406,
        "powerflow_computation": 0.013214588165283203,
        "total": 0.15448522567749023
    },
    "total": 0.2920060157775879
}