{
    "Agent": {
        "total": 0.04822492599487305
    },
    "Env": {
        "apply_act": 0.06772661209106445,
        "observation_computation": 0.02150559425354004,
        "powerflow_computation": 0.03626227378845215,
        "total": 0.12549448013305664
    },
    "total": 0.21059417724609375
}