{
    "Agent": {
        "total": 6.965146064758301
    },
    "Env": {
        "apply_act": 12.017248153686523,
        "observation_computation": 4.3733155727386475,
        "powerflow_computation": 3.8456990718841553,
        "total": 20.236262798309326
    },
    "total": 30.923778772354126
}