{
    "Agent": {
        "total": 0.7937407493591309
    },
    "Env": {
        "apply_act": 1.311255931854248,
        "observation_computation": 0.49297046661376953,
        "powerflow_computation": 0.41982197761535645,
        "total": 2.224048376083374
    },
    "total": 3.4380524158477783
}