{
    "Agent": {
        "total": 0.6673455238342285
    },
    "Env": {
        "apply_act": 1.1837279796600342,
        "observation_computation": 0.4299948215484619,
        "powerflow_computation": 0.36252737045288086,
        "total": 1.976250171661377
    },
    "total": 3.0075931549072266
}