{
    "Agent": {
        "total": 0.28403425216674805
    },
    "Env": {
        "apply_act": 0.5344436168670654,
        "observation_computation": 0.20743441581726074,
        "powerflow_computation": 0.172011137008667,
        "total": 0.9138891696929932
    },
    "total": 1.3556463718414307
}