{
    "Agent": {
        "total": 0.035958290100097656
    },
    "Env": {
        "apply_act": 0.05572843551635742,
        "observation_computation": 0.012429952621459961,
        "powerflow_computation": 0.01251530647277832,
        "total": 0.0806736946105957
    },
    "total": 0.16368389129638672
}