{
    "Agent": {
        "total": 0.08631277084350586
    },
    "Env": {
        "apply_act": 0.043912410736083984,
        "observation_computation": 0.017974138259887695,
        "powerflow_computation": 0.018440961837768555,
        "total": 0.08032751083374023
    },
    "total": 0.1733264923095703
}