{
    "Agent": {
        "total": 0.03499960899353027
    },
    "Env": {
        "apply_act": 0.06504583358764648,
        "observation_computation": 0.02543926239013672,
        "powerflow_computation": 0.028798341751098633,
        "total": 0.11928343772888184
    },
    "total": 0.19471406936645508
}