{
    "Agent": {
        "total": 0.15709424018859863
    },
    "Env": {
        "apply_act": 0.21139955520629883,
        "observation_computation": 0.09773993492126465,
        "powerflow_computation": 0.06277918815612793,
        "total": 0.3719186782836914
    },
    "total": 0.6920585632324219
}