{
    "Agent": {
        "total": 0.014924049377441406
    },
    "Env": {
        "apply_act": 0.022136926651000977,
        "observation_computation": 0.0074176788330078125,
        "powerflow_computation": 0.008107423782348633,
        "total": 0.03766202926635742
    },
    "total": 0.06284379959106445
}