{
    "Agent": {
        "total": 0.008981943130493164
    },
    "Env": {
        "apply_act": 0.01743173599243164,
        "observation_computation": 0.007288932800292969,
        "powerflow_computation": 0.006281614303588867,
        "total": 0.031002283096313477
    },
    "total": 0.05492997169494629
}