{
    "Agent": {
        "total": 1.1721930503845215
    },
    "Env": {
        "apply_act": 2.0538864135742188,
        "observation_computation": 0.7439589500427246,
        "powerflow_computation": 0.6672732830047607,
        "total": 3.465118646621704
    },
    "total": 5.263477802276611
}