{
    "Agent": {
        "total": 0.02147817611694336
    },
    "Env": {
        "apply_act": 0.057930946350097656,
        "observation_computation": 0.0075283050537109375,
        "powerflow_computation": 0.010297536849975586,
        "total": 0.07575678825378418
    },
    "total": 0.13277983665466309
}