{
    "Agent": {
        "total": 0.02014636993408203
    },
    "Env": {
        "apply_act": 0.012145757675170898,
        "observation_computation": 0.003148317337036133,
        "powerflow_computation": 0.004807472229003906,
        "total": 0.020101547241210938
    },
    "total": 0.04562854766845703
}