{
    "Agent": {
        "total": 0.05609440803527832
    },
    "Env": {
        "apply_act": 0.05811762809753418,
        "observation_computation": 0.019318819046020508,
        "powerflow_computation": 0.01543426513671875,
        "total": 0.09287071228027344
    },
    "total": 0.2075512409210205
}