{
    "Agent": {
        "total": 0.8224349021911621
    },
    "Env": {
        "apply_act": 1.535740613937378,
        "observation_computation": 0.5594556331634521,
        "powerflow_computation": 0.4791719913482666,
        "total": 2.5743682384490967
    },
    "total": 3.8660717010498047
}