{
    "Agent": {
        "total": 0.006999969482421875
    },
    "Env": {
        "apply_act": 0.00907444953918457,
        "observation_computation": 0.0042819976806640625,
        "powerflow_computation": 0.009092092514038086,
        "total": 0.02244853973388672
    },
    "total": 0.03931713104248047
}