{
    "Agent": {
        "total": 0.1845414638519287
    },
    "Env": {
        "apply_act": 0.23541522026062012,
        "observation_computation": 0.08956527709960938,
        "powerflow_computation": 0.061980485916137695,
        "total": 0.3869609832763672
    },
    "total": 0.7807247638702393
}