{
    "Agent": {
        "total": 0.004944324493408203
    },
    "Env": {
        "apply_act": 0.008324146270751953,
        "observation_computation": 0.002781391143798828,
        "powerflow_computation": 0.0034880638122558594,
        "total": 0.01459360122680664
    },
    "total": 0.0224454402923584
}